ceeGeneratedID,studentNumber,programmeAcronym,schoolYear,studyPlanStartYear,courseAcronym,courseName,enrolmentDate,active

00000000-0000-0000-0000-000000000001,1000001,CSD,550e8400-e29b-41d4-a716-446655440009,2023,ARIT,Arithmancy,2023-10-15,True
00000000-0000-0000-0000-000000000002,1000001,CSD,550e8400-e29b-41d4-a716-446655440010,2024,AST1,Astronomy I,2024-10-10,True
00000000-0000-0000-0000-000000000003,1000001,CSD,550e8400-e29b-41d4-a716-446655440011,2025,ALCH,Alchemy,2025-10-05,True
00000000-0000-0000-0000-000000000004,1000001,CSD,550e8400-e29b-41d4-a716-446655440011,2025,ARIT,Arithmancy,2025-10-12,True
00000000-0000-0000-0000-000000000005,1000002,CSD,550e8400-e29b-41d4-a716-446655440009,2023,ARIT,Arithmancy,2023-10-15,True
00000000-0000-0000-0000-000000000006,1000003,CSD,550e8400-e29b-41d4-a716-446655440009,2023,ARIT,Arithmancy,2023-10-15,True
00000000-0000-0000-0000-000000000007,1000004,CSD,550e8400-e29b-41d4-a716-446655440009,2023,ARIT,Arithmancy,2023-10-15,True
00000000-0000-0000-0000-000000000008,1000005,CSD,550e8400-e29b-41d4-a716-446655440009,2023,ARIT,Arithmancy,2023-10-15,True
00000000-0000-0000-0000-000000000009,1000006,CSD,550e8400-e29b-41d4-a716-446655440010,2024,AST1,Astronomy I,2024-10-10,True
00000000-0000-0000-0000-000000000010,1000007,CSD,550e8400-e29b-41d4-a716-446655440010,2024,AST1,Astronomy I,2024-10-10,True
00000000-0000-0000-0000-000000000011,1000007,CSD,550e8400-e29b-41d4-a716-446655440011,2025,ARIT,Arithmancy,2025-10-12,True

00000000-0000-0000-0000-000000000012,1000008,CSD,550e8400-e29b-41d4-a716-446655440009,2023,ARIT,Arithmancy,2023-10-15,True
00000000-0000-0000-0000-000000000013,1000009,CSD,550e8400-e29b-41d4-a716-446655440009,2023,ARIT,Arithmancy,2023-10-15,True
00000000-0000-0000-0000-000000000014,1000010,CSD,550e8400-e29b-41d4-a716-446655440009,2023,ARIT,Arithmancy,2023-10-15,True
00000000-0000-0000-0000-000000000015,1000011,CSD,550e8400-e29b-41d4-a716-446655440009,2023,ARIT,Arithmancy,2023-10-15,True
00000000-0000-0000-0000-000000000016,1000012,CSD,550e8400-e29b-41d4-a716-446655440009,2023,ARIT,Arithmancy,2023-10-15,True
00000000-0000-0000-0000-000000000017,1000013,CSD,550e8400-e29b-41d4-a716-446655440009,2023,ARIT,Arithmancy,2023-10-15,True
00000000-0000-0000-0000-000000000018,1000014,CSD,550e8400-e29b-41d4-a716-446655440009,2023,ARIT,Arithmancy,2023-10-15,True
00000000-0000-0000-0000-000000000019,1000015,CSD,550e8400-e29b-41d4-a716-446655440009,2023,ARIT,Arithmancy,2023-10-15,True
00000000-0000-0000-0000-000000000020,1000016,CSD,550e8400-e29b-41d4-a716-446655440009,2023,ARIT,Arithmancy,2023-10-15,True
00000000-0000-0000-0000-000000000021,1000017,CSD,550e8400-e29b-41d4-a716-446655440009,2023,ARIT,Arithmancy,2023-10-15,True
00000000-0000-0000-0000-000000000022,1000018,CSD,550e8400-e29b-41d4-a716-446655440009,2023,ARIT,Arithmancy,2023-10-15,True
00000000-0000-0000-0000-000000000023,1000019,CSD,550e8400-e29b-41d4-a716-446655440009,2023,ARIT,Arithmancy,2023-10-15,True

00000000-0000-0000-0000-000000000024,1000020,CSD,550e8400-e29b-41d4-a716-446655440011,2025,ALCH,Alchemy,2025-10-05,True
00000000-0000-0000-0000-000000000025,1000021,CSD,550e8400-e29b-41d4-a716-446655440011,2025,ALCH,Alchemy,2025-10-05,True
00000000-0000-0000-0000-000000000026,1000022,CSD,550e8400-e29b-41d4-a716-446655440011,2025,ALCH,Alchemy,2025-10-05,True
00000000-0000-0000-0000-000000000027,1000023,CSD,550e8400-e29b-41d4-a716-446655440011,2025,ALCH,Alchemy,2025-10-05,True
00000000-0000-0000-0000-000000000028,1000024,CSD,550e8400-e29b-41d4-a716-446655440011,2025,ALCH,Alchemy,2025-10-05,True
00000000-0000-0000-0000-000000000029,1000025,CSD,550e8400-e29b-41d4-a716-446655440011,2025,ALCH,Alchemy,2025-10-05,True
00000000-0000-0000-0000-000000000030,1000026,CSD,550e8400-e29b-41d4-a716-446655440011,2025,ALCH,Alchemy,2025-10-05,True
00000000-0000-0000-0000-000000000031,1000027,CSD,550e8400-e29b-41d4-a716-446655440011,2025,ALCH,Alchemy,2025-10-05,True
00000000-0000-0000-0000-000000000032,1000028,CSD,550e8400-e29b-41d4-a716-446655440011,2025,ALCH,Alchemy,2025-10-05,True
00000000-0000-0000-0000-000000000033,1000029,CSD,550e8400-e29b-41d4-a716-446655440011,2025,ALCH,Alchemy,2025-10-05,True
00000000-0000-0000-0000-000000000034,1000030,CSD,550e8400-e29b-41d4-a716-446655440011,2025,ALCH,Alchemy,2025-10-05,True
00000000-0000-0000-0000-000000000035,1000031,CSD,550e8400-e29b-41d4-a716-446655440011,2025,ALCH,Alchemy,2025-10-05,True

00000000-0000-0000-0000-000000000036,1000032,CSD,550e8400-e29b-41d4-a716-446655440010,2024,AST1,Astronomy I,2024-10-10,True
00000000-0000-0000-0000-000000000037,1000033,CSD,550e8400-e29b-41d4-a716-446655440010,2024,AST1,Astronomy I,2024-10-10,True
00000000-0000-0000-0000-000000000038,1000034,CSD,550e8400-e29b-41d4-a716-446655440010,2024,AST1,Astronomy I,2024-10-10,True
00000000-0000-0000-0000-000000000039,1000035,CSD,550e8400-e29b-41d4-a716-446655440010,2024,AST1,Astronomy I,2024-10-10,True
00000000-0000-0000-0000-000000000040,1000036,CSD,550e8400-e29b-41d4-a716-446655440010,2024,AST1,Astronomy I,2024-10-10,True
00000000-0000-0000-0000-000000000041,1000037,CSD,550e8400-e29b-41d4-a716-446655440010,2024,AST1,Astronomy I,2024-10-10,True
00000000-0000-0000-0000-000000000042,1000038,CSD,550e8400-e29b-41d4-a716-446655440010,2024,AST1,Astronomy I,2024-10-10,True
00000000-0000-0000-0000-000000000043,1000039,CSD,550e8400-e29b-41d4-a716-446655440010,2024,AST1,Astronomy I,2024-10-10,True
00000000-0000-0000-0000-000000000044,1000040,CSD,550e8400-e29b-41d4-a716-446655440010,2024,AST1,Astronomy I,2024-10-10,True
00000000-0000-0000-0000-000000000045,1000041,CSD,550e8400-e29b-41d4-a716-446655440010,2024,AST1,Astronomy I,2024-10-10,True
00000000-0000-0000-0000-000000000046,1000042,CSD,550e8400-e29b-41d4-a716-446655440010,2024,AST1,Astronomy I,2024-10-10,True
00000000-0000-0000-0000-000000000047,1000043,CSD,550e8400-e29b-41d4-a716-446655440010,2024,AST1,Astronomy I,2024-10-10,True
00000000-0000-0000-0000-000000000048,1000044,CSD,550e8400-e29b-41d4-a716-446655440010,2024,AST1,Astronomy I,2024-10-10,True





ba56719a-6bb0-49e5-9ea5-8b4ed87be26b,1102840,CSD,550e8400-e29b-41d4-a716-446655440006,2020,ALCH,Alchemy,2020-07-23,False
17f8a682-bb3c-465b-be7e-052733e26a36,1000001,DSD,550e8400-e29b-41d4-a716-446655440006,2020,ARIT,Arithmancy,2020-07-23,True
35d24789-fd1f-4861-9205-14ea62d9369c,1000001,AIR,550e8400-e29b-41d4-a716-446655440007,2022,AST2,Astronomy II,2022-07-12,True
8d3c29f7-d305-4957-bf9e-650eb7a312e9,1102842,DIS,550e8400-e29b-41d4-a716-446655440007,2021,AST1,Astronomy I,2021-07-06,True
0a206530-d53e-4ba1-84b8-a620620f2941,1102896,AIR,550e8400-e29b-41d4-a716-446655440005,2023,AST2,Astronomy II,2023-07-23,True
b8ca393f-84c9-4a04-9e1e-3c859fca32d4,1102896,AIR,550e8400-e29b-41d4-a716-446655440009,2021,AST2,Astronomy II,2021-07-15,True
48dfaaeb-7945-4c7e-ba7c-febb5e36e311,1102861,AIR,550e8400-e29b-41d4-a716-446655440001,2019,AST2,Astronomy II,2019-07-08,True
d81e8680-5549-4ccb-89c2-9dd1e27dff9d,1102894,AIR,550e8400-e29b-41d4-a716-446655440002,2021,AST2,Astronomy II,2021-07-24,False
aa5938f9-4647-4f3c-bce3-824cc86fa444,1102843,AIR,550e8400-e29b-41d4-a716-446655440002,2019,AST2,Astronomy II,2019-07-20,False
48b2f9fc-d2aa-4ea8-a976-03b9e52b01c7,1102878,AIR,550e8400-e29b-41d4-a716-446655440004,2021,AST2,Astronomy II,2021-07-24,True
08a4d36c-9b5a-430e-97ba-d96ff31cf223,1102875,DIS,550e8400-e29b-41d4-a716-446655440003,2021,AST1,Astronomy I,2021-07-31,False
bfa18588-2745-4b2f-b1f5-262876d2c853,1102891,DIS,550e8400-e29b-41d4-a716-446655440003,2020,AST1,Astronomy I,2020-07-04,True
625a3c8a-9d79-4cb6-b860-a3b9cdd5504f,1102853,AIR,550e8400-e29b-41d4-a716-446655440002,2025,AST2,Astronomy II,2025-07-20,True
83a985c6-421d-413b-894a-8fd754a38090,1102883,DSD,550e8400-e29b-41d4-a716-446655440007,2024,ARIT,Arithmancy,2024-07-23,True
267ec320-f646-40f8-92b2-a486f77263fb,1102896,AIR,550e8400-e29b-41d4-a716-446655440006,2025,AST2,Astronomy II,2025-07-25,False
5273bea3-4867-436c-96c5-3f3ef6b94a65,1102861,DSD,550e8400-e29b-41d4-a716-446655440009,2019,ARIT,Arithmancy,2019-07-20,False
e1509c8f-f927-4ca5-ae1d-5cd90f5c02ed,1102857,DSD,550e8400-e29b-41d4-a716-446655440008,2020,ARIT,Arithmancy,2020-07-31,False
85147b8a-4965-4022-98db-6d4c997a9b00,1102860,DSD,550e8400-e29b-41d4-a716-446655440004,2024,ARIT,Arithmancy,2024-07-07,True
eff7fba3-637f-49f5-b406-9c984c1962b2,1102897,DIS,550e8400-e29b-41d4-a716-446655440007,2024,AST1,Astronomy I,2024-07-26,True
f804e7a3-7d82-431f-ac5a-2280520839fa,1102854,AIR,550e8400-e29b-41d4-a716-446655440008,2019,AST2,Astronomy II,2019-07-30,True
b7d9bf4e-b819-4d99-bde0-9c43389e8b4b,1102875,DIS,550e8400-e29b-41d4-a716-446655440007,2022,AST1,Astronomy I,2022-07-03,True
3b4afdc2-c791-4c29-bc9f-58715bda7473,1102873,DIS,550e8400-e29b-41d4-a716-446655440006,2020,AST1,Astronomy I,2020-07-14,False
6d964b0f-c3ec-4c3f-957d-e91d5ebf5e85,1102848,DIS,550e8400-e29b-41d4-a716-446655440010,2021,AST1,Astronomy I,2021-07-12,False
34bcc6f3-8b7c-4ad1-aa83-1550092c5d3e,1102869,AIR,550e8400-e29b-41d4-a716-446655440009,2021,AST2,Astronomy II,2021-07-06,True
7f181645-9151-4559-9b84-da0e1da573ab,1102850,AIR,550e8400-e29b-41d4-a716-446655440009,2020,AST2,Astronomy II,2020-07-07,True
def8b76a-9cf4-46ca-9855-58ee7f8f28e3,1102844,AIR,550e8400-e29b-41d4-a716-446655440002,2024,AST2,Astronomy II,2024-07-16,True
c03bd51b-4236-4e8c-a5ee-14f3bb2d087a,1102853,AIR,550e8400-e29b-41d4-a716-446655440005,2020,AST2,Astronomy II,2020-07-19,True
c65c2a00-b278-4ac7-ae49-c6c75395323c,1102863,AIR,550e8400-e29b-41d4-a716-446655440007,2021,AST2,Astronomy II,2021-07-20,False
a092a91e-927d-4a65-aa1c-95aa081fdb39,1102861,DSD,550e8400-e29b-41d4-a716-446655440008,2021,ARIT,Arithmancy,2021-07-04,True
d08fd94c-30a2-4da2-b940-68d148581f98,1102895,AIR,550e8400-e29b-41d4-a716-446655440002,2020,AST2,Astronomy II,2020-07-30,False
1cf36f85-03d0-4a45-a26d-a16211304556,1102884,DSD,550e8400-e29b-41d4-a716-446655440005,2022,ARIT,Arithmancy,2022-07-11,True
6d916094-97e0-487c-bdcc-73df4c28ef0d,1102890,DSD,550e8400-e29b-41d4-a716-446655440004,2019,ARIT,Arithmancy,2019-07-20,True
6b243c45-246b-46be-8f67-a6214ca01542,1102857,DSD,550e8400-e29b-41d4-a716-446655440010,2022,ARIT,Arithmancy,2022-07-27,False
a5677d97-bfd6-46ba-af74-fb884092ecea,1102855,DIS,550e8400-e29b-41d4-a716-446655440007,2022,AST1,Astronomy I,2022-07-08,True
d45c82cb-9faf-4b22-a89c-a56c9280670c,1102859,AIR,550e8400-e29b-41d4-a716-446655440006,2023,AST2,Astronomy II,2023-07-01,False
c5170a4d-e957-4310-8901-662d6f8ff844,1102871,DIS,550e8400-e29b-41d4-a716-446655440010,2021,AST1,Astronomy I,2021-07-10,True
ea894a4b-41f0-4bdc-87b1-2484bb9eab9f,1102847,DSD,550e8400-e29b-41d4-a716-446655440005,2020,ARIT,Arithmancy,2020-07-09,False
cf9f26a1-0169-4785-aa61-783799ed7cd0,1102880,DSD,550e8400-e29b-41d4-a716-446655440009,2022,ARIT,Arithmancy,2022-07-15,False
49f01a11-4a5c-4dc4-aeaf-4b43de7ac06a,1102852,DSD,550e8400-e29b-41d4-a716-446655440004,2025,ARIT,Arithmancy,2025-07-02,False
164c6b06-af3b-4e6d-b0c8-09b89f4df9f6,1102879,DIS,550e8400-e29b-41d4-a716-446655440002,2023,AST1,Astronomy I,2023-07-26,True
e06f95f5-d288-4b37-9231-00ef98001287,1102840,DSD,550e8400-e29b-41d4-a716-446655440009,2019,ARIT,Arithmancy,2019-07-14,False
15485f62-6e2d-454d-88f5-cc6460b671f7,1102891,DIS,550e8400-e29b-41d4-a716-446655440001,2024,AST1,Astronomy I,2024-07-08,False
3456f4f0-cfaa-4b74-95bd-330ec2660d88,1102888,DIS,550e8400-e29b-41d4-a716-446655440004,2025,AST1,Astronomy I,2025-07-12,False
431a9320-d01a-40f1-a838-9a708188fea0,1102863,DIS,550e8400-e29b-41d4-a716-446655440006,2019,AST1,Astronomy I,2019-07-18,True
6ae61f5f-c7a3-46c2-a7d6-93dd894429e1,1102883,AIR,550e8400-e29b-41d4-a716-446655440008,2021,AST2,Astronomy II,2021-07-19,True
73154a13-f677-4637-bcbf-5a9cf60275c6,1102894,AIR,550e8400-e29b-41d4-a716-446655440004,2020,AST2,Astronomy II,2020-07-12,False
b260a26e-bbb1-4749-9785-a2d8a9a2c021,1102872,DIS,550e8400-e29b-41d4-a716-446655440005,2022,AST1,Astronomy I,2022-07-19,False
7872ebf1-fc06-44e2-b377-a9b17ccaa9f2,1102854,DIS,550e8400-e29b-41d4-a716-446655440009,2021,AST1,Astronomy I,2021-07-24,True
f6d302dd-5464-4cb6-9a44-16bf45679626,1102893,DSD,550e8400-e29b-41d4-a716-446655440002,2024,ARIT,Arithmancy,2024-07-02,True
4a3088bb-77bd-4c90-a172-ea6392664467,1102846,DIS,550e8400-e29b-41d4-a716-446655440008,2020,AST1,Astronomy I,2020-07-27,False
f9d00fbd-d241-405c-94e7-040a1f4d10be,1102840,AIR,550e8400-e29b-41d4-a716-446655440007,2024,AST2,Astronomy II,2024-07-14,False
914c63db-f0ed-4335-ad70-ccb653fe2a6f,1102846,DSD,550e8400-e29b-41d4-a716-446655440006,2020,ARIT,Arithmancy,2020-07-15,True
297422d4-9706-4029-b344-e0535f0c805a,1102852,DIS,550e8400-e29b-41d4-a716-446655440005,2025,AST1,Astronomy I,2025-07-20,False
b9c67a22-6f88-46e4-95c2-37d0ad574cab,1102868,DSD,550e8400-e29b-41d4-a716-446655440008,2023,ARIT,Arithmancy,2023-07-24,False
75bd772e-edf5-4805-bb88-05a69905eca3,1102843,DIS,550e8400-e29b-41d4-a716-446655440007,2020,AST1,Astronomy I,2020-07-22,True
5103e773-be58-474d-b9fa-00e0ff94cd5f,1102885,DSD,550e8400-e29b-41d4-a716-446655440007,2022,ARIT,Arithmancy,2022-07-26,True
5238aa36-9f2b-409a-ad9d-7a7f3b030d8c,1102880,AIR,550e8400-e29b-41d4-a716-446655440010,2023,AST2,Astronomy II,2023-07-11,True
06679846-66e1-4e78-9b02-d0a7dbc1e54d,1102846,AIR,550e8400-e29b-41d4-a716-446655440007,2020,AST2,Astronomy II,2020-07-16,True
fb9a6549-78a7-4503-abb9-9e8df90f1638,1102851,DIS,550e8400-e29b-41d4-a716-446655440010,2023,AST1,Astronomy I,2023-07-11,False
fa5b0a66-1934-463a-a223-a418e0662b22,1102852,DSD,550e8400-e29b-41d4-a716-446655440005,2023,ARIT,Arithmancy,2023-07-04,True
f493002c-0a5e-494c-a280-b5b7aacc36c8,1102896,DSD,550e8400-e29b-41d4-a716-446655440008,2022,ARIT,Arithmancy,2022-07-30,False
5d3b95c8-9179-4f78-b229-dc6154331760,1102886,DIS,550e8400-e29b-41d4-a716-446655440006,2024,AST1,Astronomy I,2024-07-06,False
61902968-ed74-4e97-bdaa-426b76fbc69a,1102889,DIS,550e8400-e29b-41d4-a716-446655440008,2023,AST1,Astronomy I,2023-07-10,False
539682b4-db02-40dc-90c6-dd34b6542ec2,1102885,DSD,550e8400-e29b-41d4-a716-446655440001,2020,ARIT,Arithmancy,2020-07-06,True
abdab58f-e0a0-43ef-b143-76db69369473,1102843,AIR,550e8400-e29b-41d4-a716-446655440009,2025,AST2,Astronomy II,2025-07-10,True
936591b0-c5ec-437b-bb22-f542ca98060f,1102874,AIR,550e8400-e29b-41d4-a716-446655440007,2021,AST2,Astronomy II,2021-07-13,False
8d4ff74f-f77c-4410-8a30-fa34ce497be5,1102872,DSD,550e8400-e29b-41d4-a716-446655440002,2025,ARIT,Arithmancy,2025-07-15,True
228e047d-4af9-4192-98fd-e9cc13cfbc98,1102884,DIS,550e8400-e29b-41d4-a716-446655440001,2019,AST1,Astronomy I,2019-07-10,True
6463cd1c-8a33-4358-acee-d3ad55b6da35,1102897,DIS,550e8400-e29b-41d4-a716-446655440007,2024,AST1,Astronomy I,2024-07-01,True
ff598d96-d0b8-4e35-9639-5c55a813b992,1102851,DIS,550e8400-e29b-41d4-a716-446655440002,2023,AST1,Astronomy I,2023-07-01,True
a22a2da1-e7ab-4e42-b416-e6c07da419a5,1102867,DIS,550e8400-e29b-41d4-a716-446655440004,2023,AST1,Astronomy I,2023-07-17,True
498287da-2c66-4afd-a67b-0f2a2e350715,1102886,DIS,550e8400-e29b-41d4-a716-446655440006,2023,AST1,Astronomy I,2023-07-01,False
99bb561b-7534-4d26-b39b-80b40d5b597b,1102871,AIR,550e8400-e29b-41d4-a716-446655440002,2023,AST2,Astronomy II,2023-07-07,False
82aec4d5-e4ec-4ba7-a8b9-0df851375e03,1102896,DIS,550e8400-e29b-41d4-a716-446655440005,2024,AST1,Astronomy I,2024-07-22,True
c697d4bc-476b-4573-9fcb-6c0c70feb314,1102886,AIR,550e8400-e29b-41d4-a716-446655440002,2025,AST2,Astronomy II,2025-07-18,True
f0dc00a2-675f-4d21-8989-653e9a883015,1102860,DSD,550e8400-e29b-41d4-a716-446655440006,2025,ARIT,Arithmancy,2025-07-14,False
c13a74eb-2159-42e9-a2a2-e5d8ffa2b444,1102875,DIS,550e8400-e29b-41d4-a716-446655440009,2023,AST1,Astronomy I,2023-07-23,True
212e12a9-6b5a-4dc3-bf69-281c00bf09ad,1102855,AIR,550e8400-e29b-41d4-a716-446655440010,2019,AST2,Astronomy II,2019-07-27,True
ca5804e4-dd99-493c-aebc-871240d56608,1102880,AIR,550e8400-e29b-41d4-a716-446655440008,2024,AST2,Astronomy II,2024-07-25,True
5d982d01-a1a7-45d7-b4bb-58d117d198da,1102884,AIR,550e8400-e29b-41d4-a716-446655440007,2022,AST2,Astronomy II,2022-07-09,True
60cf6972-25bc-4308-a7d5-d3f58999ec1e,1102879,DIS,550e8400-e29b-41d4-a716-446655440004,2020,AST1,Astronomy I,2020-07-21,False
8840c3cb-ffdd-4eed-8328-ce5dfd945afa,1102893,DIS,550e8400-e29b-41d4-a716-446655440001,2019,AST1,Astronomy I,2019-07-21,False
9ec5cc31-8efa-44a4-b364-2ddacad55f70,1102871,DSD,550e8400-e29b-41d4-a716-446655440006,2019,ARIT,Arithmancy,2019-07-15,True
b56bf4bd-6a45-489a-abee-d5d4a231d38f,1102864,AIR,550e8400-e29b-41d4-a716-446655440010,2021,AST2,Astronomy II,2021-07-25,True
db3d02bf-cf2e-486a-be15-baef9c5a7d94,1102864,AIR,550e8400-e29b-41d4-a716-446655440002,2024,AST2,Astronomy II,2024-07-30,False
0f46518a-56f7-467e-8305-72bff57f0fac,1102895,AIR,550e8400-e29b-41d4-a716-446655440009,2025,AST2,Astronomy II,2025-07-21,False
6666e82c-88a7-4991-a4c9-3a9d3aa6f6aa,1102868,DIS,550e8400-e29b-41d4-a716-446655440009,2023,AST1,Astronomy I,2023-07-15,False
825bb962-e4f6-42c4-bf33-5608352f485e,1102847,AIR,550e8400-e29b-41d4-a716-446655440001,2024,AST2,Astronomy II,2024-07-10,False
2bb6aaaf-d2f4-4d5b-8c87-7e9127934ad0,1102869,DSD,550e8400-e29b-41d4-a716-446655440006,2025,ARIT,Arithmancy,2025-07-20,True
fd75d2a8-477e-4ac8-963d-71f26a6c614e,1102884,DIS,550e8400-e29b-41d4-a716-446655440004,2020,AST1,Astronomy I,2020-07-03,True
6760ea98-24c8-4719-b0c7-f704533d6bb2,1102859,DIS,550e8400-e29b-41d4-a716-446655440005,2021,AST1,Astronomy I,2021-07-24,True
6595020a-55c1-4bbb-8017-582883d4f4f9,1102862,AIR,550e8400-e29b-41d4-a716-446655440009,2019,AST2,Astronomy II,2019-07-13,True
4041d944-7a2d-46f7-9222-12b5894613ea,1102878,AIR,550e8400-e29b-41d4-a716-446655440009,2022,AST2,Astronomy II,2022-07-13,True
2836c1cf-261d-41a6-8f47-351d7cb55779,1102849,DIS,550e8400-e29b-41d4-a716-446655440002,2021,AST1,Astronomy I,2021-07-28,True
3e83b920-7101-443d-ad8c-a731f4ae5698,1102845,AIR,550e8400-e29b-41d4-a716-446655440002,2024,AST2,Astronomy II,2024-07-26,False
e9f1c88e-3a2d-435b-872f-7541e64baba5,1102878,AIR,550e8400-e29b-41d4-a716-446655440007,2025,AST2,Astronomy II,2025-07-22,False
8d769e2d-d70b-4d46-9e3c-4f5f1eae5538,1102853,DIS,550e8400-e29b-41d4-a716-446655440002,2024,AST1,Astronomy I,2024-07-21,False
b5de987e-0fa6-4238-af18-55be3a8af6d0,1102859,DSD,550e8400-e29b-41d4-a716-446655440004,2024,ARIT,Arithmancy,2024-07-01,True
4df024c1-3c8c-45ca-a2e4-be2c5ab6e821,1102867,DSD,550e8400-e29b-41d4-a716-446655440002,2020,ARIT,Arithmancy,2020-07-27,True
7220df9c-6f53-47ce-9631-65c757c2deea,1102854,DSD,550e8400-e29b-41d4-a716-446655440005,2020,ARIT,Arithmancy,2020-07-14,True
8f6810d4-0dbd-4b71-bd18-ae50c33e9b21,1102840,AIR,550e8400-e29b-41d4-a716-446655440005,2024,AST2,Astronomy II,2024-07-31,True
73ab2ce1-829f-45cf-88ca-afdc5bcfed17,1102877,AIR,550e8400-e29b-41d4-a716-446655440001,2019,AST2,Astronomy II,2019-07-21,False
9194ba2d-397f-43a3-8306-c9c49ed0a2b4,1102866,AIR,550e8400-e29b-41d4-a716-446655440005,2023,AST2,Astronomy II,2023-07-01,False
8c550285-b455-4a0f-9222-5e368f9b7c4a,1102845,DSD,550e8400-e29b-41d4-a716-446655440005,2019,ARIT,Arithmancy,2019-07-23,True
3d96521e-0e3c-43df-b102-894bd0f44fdb,1102866,AIR,550e8400-e29b-41d4-a716-446655440009,2023,AST2,Astronomy II,2023-07-22,True
0bb136ef-013f-4d61-8d19-9bb309bedd16,1102889,DSD,550e8400-e29b-41d4-a716-446655440009,2025,ARIT,Arithmancy,2025-07-12,True
76254633-f4a0-431d-ad9b-76c81dc29bbd,1102856,DIS,550e8400-e29b-41d4-a716-446655440001,2021,AST1,Astronomy I,2021-07-31,False
be16558e-be35-48ed-968e-b72766b25cf4,1102847,DIS,550e8400-e29b-41d4-a716-446655440004,2019,AST1,Astronomy I,2019-07-22,False
d2c88f97-eecf-4225-b6ee-ad78aacbfd4f,1102864,AIR,550e8400-e29b-41d4-a716-446655440006,2021,AST2,Astronomy II,2021-07-08,True
74b1dc6a-9449-4f69-a0a6-5896f28f54d2,1102883,DSD,550e8400-e29b-41d4-a716-446655440002,2020,ARIT,Arithmancy,2020-07-12,False
1f527803-9e21-400c-9e51-b2c4f6f99695,1102850,DSD,550e8400-e29b-41d4-a716-446655440008,2024,ARIT,Arithmancy,2024-07-26,True
185dbfb2-9ac7-4293-8602-49bead203d52,1102860,DIS,550e8400-e29b-41d4-a716-446655440007,2025,AST1,Astronomy I,2025-07-11,True
8319fdce-dad3-4671-8fa8-9303d7f31441,1102884,DIS,550e8400-e29b-41d4-a716-446655440009,2024,AST1,Astronomy I,2024-07-06,True
f0ef6c70-5051-4431-9e6a-3c8c7e296f89,1102890,DSD,550e8400-e29b-41d4-a716-446655440003,2022,ARIT,Arithmancy,2022-07-06,False
a0a717ab-428a-4a7f-b15f-6ac1fc8bc9ab,1102887,DIS,550e8400-e29b-41d4-a716-446655440002,2024,AST1,Astronomy I,2024-07-08,True
819ae840-d38a-4e79-8daa-6887969103a5,1102869,DSD,550e8400-e29b-41d4-a716-446655440006,2019,ARIT,Arithmancy,2019-07-02,True
8ca4c23c-8f08-464d-99bf-452d0d5a45cd,1102875,DIS,550e8400-e29b-41d4-a716-446655440001,2021,AST1,Astronomy I,2021-07-30,True
a115b263-3662-406b-9b8d-2eee5e27a233,1102897,AIR,550e8400-e29b-41d4-a716-446655440005,2021,AST2,Astronomy II,2021-07-26,True
4ff0ee08-e310-4d27-bb49-9586708e7db5,1102878,AIR,550e8400-e29b-41d4-a716-446655440003,2019,AST2,Astronomy II,2019-07-07,True
072044ae-d584-467f-b1cd-0f6bc8df2288,1102885,DIS,550e8400-e29b-41d4-a716-446655440009,2019,AST1,Astronomy I,2019-07-26,True
5a3a38b1-1d60-4af7-90e7-403abcbd20d9,1102849,AIR,550e8400-e29b-41d4-a716-446655440009,2020,AST2,Astronomy II,2020-07-30,False
5fb8b5ed-1b7d-4ae3-8255-38c5a40b37a7,1102850,DIS,550e8400-e29b-41d4-a716-446655440007,2020,AST1,Astronomy I,2020-07-14,True
7c164944-ce55-4925-89f8-3d805beaaacc,1102879,AIR,550e8400-e29b-41d4-a716-446655440010,2022,AST2,Astronomy II,2022-07-01,True
71769e80-e27e-4249-b65c-5b0820c5ea62,1102894,DIS,550e8400-e29b-41d4-a716-446655440003,2020,AST1,Astronomy I,2020-07-09,True
4fbeae2d-7a19-4d92-9f2d-c04b3f858905,1102861,AIR,550e8400-e29b-41d4-a716-446655440001,2022,AST2,Astronomy II,2022-07-03,False
9f651a1b-7ae2-49cd-894f-5859ebbd853f,1102864,DIS,550e8400-e29b-41d4-a716-446655440007,2020,AST1,Astronomy I,2020-07-13,False
cbaaf9a0-a230-42a1-9351-efa0c1c9f71c,1102883,DSD,550e8400-e29b-41d4-a716-446655440004,2021,ARIT,Arithmancy,2021-07-11,True
4202c886-2ebd-4f70-b5b1-1f2db952b6fc,1102885,DIS,550e8400-e29b-41d4-a716-446655440005,2019,AST1,Astronomy I,2019-07-08,False
bc64f084-64a3-41a4-8858-89c3826e9ded,1102853,AIR,550e8400-e29b-41d4-a716-446655440010,2024,AST2,Astronomy II,2024-07-19,True
347829f8-3eb9-4a2d-8a23-7d7ca5d0a2e8,1000001,DSD,550e8400-e29b-41d4-a716-446655440003,2021,ARIT,Arithmancy,2021-07-10,True
857601c9-07a7-4778-b88f-14d5a4561d13,1102897,DIS,550e8400-e29b-41d4-a716-446655440005,2021,AST1,Astronomy I,2021-07-29,False
6d20e02b-2a96-4175-a4f1-c0908f94fb58,1102866,DSD,550e8400-e29b-41d4-a716-446655440007,2020,ARIT,Arithmancy,2020-07-26,False
edb84a5d-b790-4c13-afbc-e6ff840a77aa,1102858,DIS,550e8400-e29b-41d4-a716-446655440006,2022,AST1,Astronomy I,2022-07-29,True
5ec26e6c-3add-4f15-b7d9-5d550a79cda3,1102866,DSD,550e8400-e29b-41d4-a716-446655440003,2022,ARIT,Arithmancy,2022-07-11,False
d8b7494b-70eb-4ea7-b066-bd6146bebead,1102893,DIS,550e8400-e29b-41d4-a716-446655440001,2021,AST1,Astronomy I,2021-07-20,False
aa92b012-e2c9-4315-b043-0f73f4451b40,1102878,DSD,550e8400-e29b-41d4-a716-446655440003,2019,ARIT,Arithmancy,2019-07-13,True
c9ee5fce-1799-40ab-8de2-93fd768272a9,1102846,DIS,550e8400-e29b-41d4-a716-446655440009,2024,AST1,Astronomy I,2024-07-01,False
cab095e2-0cea-400d-85f7-eb975981596d,1102878,DSD,550e8400-e29b-41d4-a716-446655440008,2022,ARIT,Arithmancy,2022-07-31,True
d0169c3e-1394-4cc1-b3f1-15ece7fceda7,1102853,DSD,550e8400-e29b-41d4-a716-446655440002,2023,ARIT,Arithmancy,2023-07-18,True
ebcabb15-77bb-470f-b771-fe62b882aedb,1102867,DIS,550e8400-e29b-41d4-a716-446655440004,2023,AST1,Astronomy I,2023-07-01,False
8dde08d9-0828-4624-ab0e-3b2a74776ac3,1102891,DIS,550e8400-e29b-41d4-a716-446655440009,2022,AST1,Astronomy I,2022-07-31,True
f2723679-7d95-4bd3-8c04-66fbc05526f7,1102897,DIS,550e8400-e29b-41d4-a716-446655440009,2023,AST1,Astronomy I,2023-07-25,False
0dfd61c0-281d-48cb-b4ad-de3eeb155e53,1102865,DSD,550e8400-e29b-41d4-a716-446655440009,2021,ARIT,Arithmancy,2021-07-11,False
210ea25e-4e48-4c29-9da9-cae2034c2c00,1102856,DIS,550e8400-e29b-41d4-a716-446655440003,2024,AST1,Astronomy I,2024-07-06,True
feac5f20-5976-49d6-a0ad-2a0a46a4040e,1102867,DIS,550e8400-e29b-41d4-a716-446655440009,2022,AST1,Astronomy I,2022-07-13,True
0a783aa0-32d4-420b-823c-d32cce0ef823,1102846,DIS,550e8400-e29b-41d4-a716-446655440010,2025,AST1,Astronomy I,2025-07-21,True
886f0f32-ae05-4853-b198-1173ad1bbc52,1102863,AIR,550e8400-e29b-41d4-a716-446655440003,2021,AST2,Astronomy II,2021-07-16,True
5d10bddb-9af0-4815-a8d9-bce9a0054aae,1102854,DIS,550e8400-e29b-41d4-a716-446655440009,2024,AST1,Astronomy I,2024-07-04,False
6a6d3f06-ca34-4ef2-b278-37487e59aa4c,1102850,DIS,550e8400-e29b-41d4-a716-446655440004,2024,AST1,Astronomy I,2024-07-23,True
2e8e8764-01c6-4bf4-b0ae-d5681a74304c,1102876,DSD,550e8400-e29b-41d4-a716-446655440004,2022,ARIT,Arithmancy,2022-07-20,True
7d39ea6c-ea05-47fd-bda2-a5bc47518fca,1102868,AIR,550e8400-e29b-41d4-a716-446655440009,2023,AST2,Astronomy II,2023-07-05,True
eb7d8321-f33d-4686-90db-8beb40244471,1102852,DIS,550e8400-e29b-41d4-a716-446655440006,2024,AST1,Astronomy I,2024-07-24,True
6fadd224-859b-4c49-aa90-c072fcbe553d,1102887,AIR,550e8400-e29b-41d4-a716-446655440007,2024,AST2,Astronomy II,2024-07-18,True
5aabb3cd-5001-4cab-ac49-2f1a5dfb51df,1102861,DSD,550e8400-e29b-41d4-a716-446655440008,2021,ARIT,Arithmancy,2021-07-11,False
49143db6-fbc6-40ef-a7c3-200c4cee2b02,1102879,DSD,550e8400-e29b-41d4-a716-446655440006,2021,ARIT,Arithmancy,2021-07-22,True
0b5e758b-0658-4449-85c1-4cfaea0bf18f,1102885,DIS,550e8400-e29b-41d4-a716-446655440002,2019,AST1,Astronomy I,2019-07-17,True
53a73f59-85a2-494c-b70f-ffd9a034ee48,1102888,DIS,550e8400-e29b-41d4-a716-446655440007,2019,AST1,Astronomy I,2019-07-19,False
9797e006-3d59-45d1-a95d-1b4a0aa99ac4,1102870,DSD,550e8400-e29b-41d4-a716-446655440010,2022,ARIT,Arithmancy,2022-07-30,False
f1d02a3f-c665-4fa3-a4d9-bf9cb7cf6c06,1102878,DSD,550e8400-e29b-41d4-a716-446655440007,2021,ARIT,Arithmancy,2021-07-23,False
b1f40674-eae8-48d6-868b-1dc96250905d,1102885,AIR,550e8400-e29b-41d4-a716-446655440009,2021,AST2,Astronomy II,2021-07-12,False
72a3299b-5cf2-48c4-bdf0-a18fc7ecb53d,1102857,DIS,550e8400-e29b-41d4-a716-446655440002,2025,AST1,Astronomy I,2025-07-25,False
303f3d9d-8e44-4eae-96e5-78a1d3ab1997,1102896,AIR,550e8400-e29b-41d4-a716-446655440005,2020,AST2,Astronomy II,2020-07-24,False
44c136b7-9154-4bd3-bc4d-e4384340b816,1102845,AIR,550e8400-e29b-41d4-a716-446655440004,2020,AST2,Astronomy II,2020-07-31,False
14cf5fdd-eea4-46c5-859f-e76ebc737593,1102849,DIS,550e8400-e29b-41d4-a716-446655440008,2020,AST1,Astronomy I,2020-07-05,True
d0f330d0-a18a-4a11-9551-3c20cfccb11e,1102850,DIS,550e8400-e29b-41d4-a716-446655440006,2022,AST1,Astronomy I,2022-07-29,True
ea2532be-e049-443e-8f9a-17ec48976d76,1102893,DIS,550e8400-e29b-41d4-a716-446655440010,2024,AST1,Astronomy I,2024-07-06,False
0bdcc6fa-453e-4b22-a716-4a4618497557,1102888,AIR,550e8400-e29b-41d4-a716-446655440005,2021,AST2,Astronomy II,2021-07-10,True
60bf1e47-bb1f-42dc-b88c-f1491fe1ef8e,1102867,AIR,550e8400-e29b-41d4-a716-446655440007,2024,AST2,Astronomy II,2024-07-01,False
64c884ba-bcbf-4272-9d8e-3d035ba9d69f,1102868,AIR,550e8400-e29b-41d4-a716-446655440009,2023,AST2,Astronomy II,2023-07-09,True
53169c2a-dadb-4aba-98d3-4743a0f5e488,1102857,AIR,550e8400-e29b-41d4-a716-446655440002,2023,AST2,Astronomy II,2023-07-27,True
c812ca9b-84be-444f-b31f-35283c3008db,1102845,AIR,550e8400-e29b-41d4-a716-446655440004,2024,AST2,Astronomy II,2024-07-13,True
63c53246-e96f-4270-8db3-6403bbe258a8,1102858,DIS,550e8400-e29b-41d4-a716-446655440008,2023,AST1,Astronomy I,2023-07-24,False
950e00a7-0cc5-4d53-b7ee-da75b67410b3,1102859,DIS,550e8400-e29b-41d4-a716-446655440005,2022,AST1,Astronomy I,2022-07-23,True
7df8f0b4-9ff1-42c6-a592-77710c2db9d2,1102847,DIS,550e8400-e29b-41d4-a716-446655440009,2025,AST1,Astronomy I,2025-07-10,False
888e2326-9fb8-4935-bcaf-18d53e23ca5d,1102875,AIR,550e8400-e29b-41d4-a716-446655440007,2019,AST2,Astronomy II,2019-07-17,True
e478fb4b-5ab2-4208-ab6d-78ec0fff7d5a,1102876,DIS,550e8400-e29b-41d4-a716-446655440003,2023,AST1,Astronomy I,2023-07-13,False
1f69f2e2-a5dd-4162-9fd3-011dc5012ddc,1102848,DSD,550e8400-e29b-41d4-a716-446655440006,2022,ARIT,Arithmancy,2022-07-29,True
3c7fb5e7-9b5f-4349-9c3f-4280b3708022,1102859,DIS,550e8400-e29b-41d4-a716-446655440010,2022,AST1,Astronomy I,2022-07-18,True
6207d9f2-ebb7-4024-921e-0f84f382f1aa,1102854,DIS,550e8400-e29b-41d4-a716-446655440003,2021,AST1,Astronomy I,2021-07-11,True
f4148a0d-2cb9-46f8-b257-a841a86aa582,1102867,DSD,550e8400-e29b-41d4-a716-446655440004,2020,ARIT,Arithmancy,2020-07-27,False
c6b426e5-171b-490f-91c9-ab5fbc85f583,1102845,DSD,550e8400-e29b-41d4-a716-446655440007,2021,ARIT,Arithmancy,2021-07-21,False
f16434d4-a96c-4def-bba6-4f16bc5f7ff9,1102870,DIS,550e8400-e29b-41d4-a716-446655440004,2021,AST1,Astronomy I,2021-07-28,True
2ab5e315-02bb-4d2f-a4b0-ea4f975f1514,1102840,AIR,550e8400-e29b-41d4-a716-446655440010,2024,AST2,Astronomy II,2024-07-17,True
a4bf5064-9e11-490e-812a-b8c20d2e9e71,1102840,AIR,550e8400-e29b-41d4-a716-446655440008,2023,AST2,Astronomy II,2023-07-25,True
223a0110-8ae7-45e5-8364-69801ba55da2,1102865,DIS,550e8400-e29b-41d4-a716-446655440008,2024,AST1,Astronomy I,2024-07-30,True
7f0e4008-8036-4f93-ae76-d9f88506a96a,1102856,DIS,550e8400-e29b-41d4-a716-446655440010,2023,AST1,Astronomy I,2023-07-19,True
4d7d24bf-7cea-4720-ad69-24f14f4331b9,1102854,DIS,550e8400-e29b-41d4-a716-446655440002,2022,AST1,Astronomy I,2022-07-02,True
46a24922-d335-4ed8-aa9b-78a1fa19c141,1102844,AIR,550e8400-e29b-41d4-a716-446655440007,2022,AST2,Astronomy II,2022-07-27,True
e13e3667-638f-46a3-bef6-7be588975a9c,1102858,DIS,550e8400-e29b-41d4-a716-446655440010,2019,AST1,Astronomy I,2019-07-11,True
1da05b36-5876-4929-b9bd-c60788d22878,1102893,AIR,550e8400-e29b-41d4-a716-446655440001,2022,AST2,Astronomy II,2022-07-19,True
09f96de0-d737-48cc-9ea5-fbe3e47bfced,1102874,AIR,550e8400-e29b-41d4-a716-446655440004,2023,AST2,Astronomy II,2023-07-03,True
641e5591-fd60-44c4-a5a2-07342c102d3e,1102851,DIS,550e8400-e29b-41d4-a716-446655440004,2024,AST1,Astronomy I,2024-07-12,False
b0a0898f-4215-4add-be78-dd7e6a59c9ed,1102861,DSD,550e8400-e29b-41d4-a716-446655440009,2020,ARIT,Arithmancy,2020-07-26,False
ef8aecc8-5e9c-4388-8a46-d449d99484cd,1102889,AIR,550e8400-e29b-41d4-a716-446655440001,2025,AST2,Astronomy II,2025-07-24,True
2ac1d720-4e9b-40b4-b690-85ad828900a7,1102867,DIS,550e8400-e29b-41d4-a716-446655440010,2022,AST1,Astronomy I,2022-07-31,True
c277f614-ef30-4b2e-aefd-caa3aecf47af,1102872,DSD,550e8400-e29b-41d4-a716-446655440001,2024,ARIT,Arithmancy,2024-07-28,True
4086f33d-247e-4d5b-bca8-3164af003315,1102860,DSD,550e8400-e29b-41d4-a716-446655440003,2021,ARIT,Arithmancy,2021-07-12,False
c2ff067e-d2de-4fe4-a38e-72a19ccea259,1102871,AIR,550e8400-e29b-41d4-a716-446655440008,2020,AST2,Astronomy II,2020-07-10,False
407668c7-0ae9-4ca0-8ac6-5f0692c6b977,1102847,DSD,550e8400-e29b-41d4-a716-446655440010,2025,ARIT,Arithmancy,2025-07-30,False
a4b465e2-d2f6-4647-89e9-66224797db6b,1000001,AIR,550e8400-e29b-41d4-a716-446655440010,2022,AST2,Astronomy II,2022-07-11,True
197f986c-d68f-45ac-96f9-10013183cb78,1102884,DIS,550e8400-e29b-41d4-a716-446655440007,2023,AST1,Astronomy I,2023-07-27,True
fdbffab7-9ea2-4d55-9dfa-0c3733cefaa5,1102866,AIR,550e8400-e29b-41d4-a716-446655440005,2024,AST2,Astronomy II,2024-07-31,True
04663c4a-0289-4807-ab5c-7a264ee784a7,1102849,AIR,550e8400-e29b-41d4-a716-446655440009,2020,AST2,Astronomy II,2020-07-19,False
b934179d-264b-4b24-be88-714cbfa4e91a,1102891,DSD,550e8400-e29b-41d4-a716-446655440002,2024,ARIT,Arithmancy,2024-07-19,False
1182de61-571b-4349-8ca3-f878a06c1326,1102850,CSD,550e8400-e29b-41d4-a716-446655440001,2023,ARIT,Arithmancy,2023-07-10,True
8dc7617a-adbe-406b-ab51-25fd2c60a5cd,1102856,CSD,550e8400-e29b-41d4-a716-446655440001,2023,ARIT,Arithmancy,2023-07-22,False
b7f36ae6-db62-4347-b8fa-4f514f6add94,1102859,CSD,550e8400-e29b-41d4-a716-446655440001,2025,ARIT,Arithmancy,2025-07-18,False
7e284222-46fe-4d4f-a004-09895adbe656,1102854,CSD,550e8400-e29b-41d4-a716-446655440001,2022,ARIT,Arithmancy,2022-07-19,False
d1608696-5bc0-40a4-9802-a508914a480f,1102858,CSD,550e8400-e29b-41d4-a716-446655440001,2019,ARIT,Arithmancy,2019-07-16,False
d9800a57-1bf0-4262-9afb-ce9507d13ae5,1102884,CSD,550e8400-e29b-41d4-a716-446655440001,2022,ALCH,Alchemy,2022-07-31,True
556812fd-2dc6-406b-855c-cad7138f9e47,1102885,CSD,550e8400-e29b-41d4-a716-446655440001,2024,ALCH,Alchemy,2024-07-13,False
4c96cb67-646e-4c48-a73c-e8ba47b8c34c,1000001,CSD,550e8400-e29b-41d4-a716-446655440001,2023,ARIT,Arithmancy,2023-07-31,False
27591005-d838-4499-8868-d64ad09f386d,1102842,CSD,550e8400-e29b-41d4-a716-446655440001,2023,ARIT,Arithmancy,2023-07-14,True
17bf867c-3828-4b73-8e82-925d131a8f3e,1102878,CSD,550e8400-e29b-41d4-a716-446655440001,2023,COMC,Care of Magical Creatures,2023-07-26,True
6d041bd9-8e90-4208-a20a-490f57088cb3,1102872,CSD,550e8400-e29b-41d4-a716-446655440001,2021,AST1,Astronomy I,2021-07-18,True
0faf6914-b159-4899-99d3-af9d1a5715c2,1102875,CSD,550e8400-e29b-41d4-a716-446655440001,2019,AST1,Astronomy I,2019-07-15,False
71c1f1ad-280e-4f94-b42c-46e6da9e9a70,1102873,CSD,550e8400-e29b-41d4-a716-446655440001,2025,COMC,Care of Magical Creatures,2025-07-11,True
c3f98011-c0a7-40fa-83b2-961624d9db21,1000001,CSD,550e8400-e29b-41d4-a716-446655440001,2025,ALCH,Alchemy,2025-07-02,True
e1b2e991-29e0-41e0-944d-bdae7288f94a,1102894,CSD,550e8400-e29b-41d4-a716-446655440001,2022,ALCH,Alchemy,2022-07-23,False
b4082f87-aea5-4d12-914a-4613b77992b0,1102874,CSD,550e8400-e29b-41d4-a716-446655440001,2023,ALCH,Alchemy,2023-07-18,False
f09cd8c7-0a1a-4d4b-a165-23f8095305ad,1102881,CSD,550e8400-e29b-41d4-a716-446655440001,2022,ALCH,Alchemy,2022-07-02,True
dd031221-944c-4ea5-b796-e794bdc5b574,1102863,CSD,550e8400-e29b-41d4-a716-446655440001,2020,ARIT,Arithmancy,2020-07-24,False
daca124c-cc2c-4448-96f3-ceded8352ff6,1102894,CSD,550e8400-e29b-41d4-a716-446655440001,2023,ALCH,Alchemy,2023-07-16,False
eb76e8ae-42b4-488a-9e97-2cf4555a809a,1102871,CSD,550e8400-e29b-41d4-a716-446655440001,2021,COMC,Care of Magical Creatures,2021-07-09,True
011a67ae-5b42-4026-a6d6-29913c4b1819,1102859,CSD,550e8400-e29b-41d4-a716-446655440001,2019,ALCH,Alchemy,2019-07-08,True
dac7d320-8a4e-4c89-ae6b-a990aac178af,1102868,CSD,550e8400-e29b-41d4-a716-446655440001,2019,ALCH,Alchemy,2019-07-04,False
a670c4b5-8927-48c7-8ec8-2af56894427f,1102876,CSD,550e8400-e29b-41d4-a716-446655440001,2020,AST1,Astronomy I,2020-07-17,True
f0b11683-1a51-4214-93df-c5903ac50115,1102853,CSD,550e8400-e29b-41d4-a716-446655440001,2020,ARIT,Arithmancy,2020-07-29,True
cd38fe4b-5452-4451-9828-b7e361ec4c0a,1102869,CSD,550e8400-e29b-41d4-a716-446655440001,2025,AST1,Astronomy I,2025-07-24,False
837cc206-4446-40ed-8f6f-b42904698192,1102871,CSD,550e8400-e29b-41d4-a716-446655440001,2025,COMC,Care of Magical Creatures,2025-07-27,False
4aa69b28-11ac-4550-9225-372667997113,1102882,CSD,550e8400-e29b-41d4-a716-446655440001,2020,COMC,Care of Magical Creatures,2020-07-15,True
c4fe1f65-3674-43c0-aa8c-2e4f17ba0693,1102856,CSD,550e8400-e29b-41d4-a716-446655440001,2020,AST1,Astronomy I,2020-07-30,False
8338cf64-6838-40fe-8ee3-bc1512812946,1102892,CSD,550e8400-e29b-41d4-a716-446655440001,2021,ALCH,Alchemy,2021-07-22,True
421e0c69-ad07-49e5-934f-09d3fa1faf62,1102851,CSD,550e8400-e29b-41d4-a716-446655440001,2023,ALCH,Alchemy,2023-07-05,False
34fc9534-e52c-4201-89a2-d23666b4cc83,1102860,CSD,550e8400-e29b-41d4-a716-446655440001,2021,AST1,Astronomy I,2021-07-12,True
0808ee0a-5cfe-42ed-9799-68d9c3e609d1,1102850,CSD,550e8400-e29b-41d4-a716-446655440001,2025,ALCH,Alchemy,2025-07-24,False
e910cf50-143a-465e-b644-f14dfd6d0bf9,1102867,CSD,550e8400-e29b-41d4-a716-446655440001,2023,ARIT,Arithmancy,2023-07-29,True
bb31c52d-905f-46d0-bf41-40b1d563ed7c,1102893,CSD,550e8400-e29b-41d4-a716-446655440001,2020,ARIT,Arithmancy,2020-07-29,False
62526a60-308c-4e92-9f7e-6ba7aefa8a91,1102868,CSD,550e8400-e29b-41d4-a716-446655440001,2023,AST1,Astronomy I,2023-07-13,False
99ec68db-9332-48f4-a997-d8318ef1f4fe,1102866,CSD,550e8400-e29b-41d4-a716-446655440001,2019,COMC,Care of Magical Creatures,2019-07-03,False
1c9a9d83-1fe3-4fd8-aef5-735e474c8a9e,1102852,CSD,550e8400-e29b-41d4-a716-446655440001,2020,COMC,Care of Magical Creatures,2020-07-10,True
0936c4ee-297c-469d-a71d-afc71f27ac95,1102874,CSD,550e8400-e29b-41d4-a716-446655440001,2021,ARIT,Arithmancy,2021-07-05,True
74125e1e-84c1-49cc-9f23-ebe8a390cc3f,1102852,CSD,550e8400-e29b-41d4-a716-446655440001,2021,ALCH,Alchemy,2021-07-06,True
66571361-517b-4511-941f-4029c190526a,1102863,CSD,550e8400-e29b-41d4-a716-446655440001,2020,ARIT,Arithmancy,2020-07-05,False
c8e35ddc-bdbc-43e8-bbd3-5a00373184ac,1102859,CSD,550e8400-e29b-41d4-a716-446655440001,2023,ALCH,Alchemy,2023-07-27,True
d7e28a61-8ee7-4e67-a8b5-9d9cfde8fe44,1102858,CSD,550e8400-e29b-41d4-a716-446655440001,2023,COMC,Care of Magical Creatures,2023-07-21,True
11f7ef05-ffcd-4670-842a-b726eca037d9,1102875,CSD,550e8400-e29b-41d4-a716-446655440001,2025,ARIT,Arithmancy,2025-07-27,True
5ef18e2b-1e5c-43a8-a924-cb1f61841e39,1102896,CSD,550e8400-e29b-41d4-a716-446655440001,2023,ARIT,Arithmancy,2023-07-15,False
93ae210e-9ab5-43fa-a02d-90d45f2b9fe6,1000001,CSD,550e8400-e29b-41d4-a716-446655440001,2025,AST1,Astronomy I,2025-07-02,True
abf71a20-7f5c-49cf-b8f2-84e0f9c94c33,1102885,CSD,550e8400-e29b-41d4-a716-446655440001,2025,AST1,Astronomy I,2025-07-24,True
48d45d21-7601-46b4-9b79-9c601c006760,1102895,CSD,550e8400-e29b-41d4-a716-446655440001,2024,ALCH,Alchemy,2024-07-23,True
ce9b2bba-d11b-4d75-8f57-acc2c5e31aaa,1102855,CSD,550e8400-e29b-41d4-a716-446655440001,2022,ALCH,Alchemy,2022-07-27,True
d54d4a8c-3e1e-48e0-bab1-38c77b544af3,1102850,CSD,550e8400-e29b-41d4-a716-446655440001,2022,AST1,Astronomy I,2022-07-25,True
215e5610-fc8f-46ff-8780-1753e9a65570,1102869,CSD,550e8400-e29b-41d4-a716-446655440001,2020,AST1,Astronomy I,2020-07-12,True
d026881b-90a7-4ab4-877d-19259a72c572,1102848,CSD,550e8400-e29b-41d4-a716-446655440001,2025,ALCH,Alchemy,2025-07-02,True
40a974e2-3b24-4d99-87eb-29a35aae634a,1102887,CSD,550e8400-e29b-41d4-a716-446655440001,2023,AST1,Astronomy I,2023-07-30,True
a712a716-9e22-4eda-adbd-63e2df2f219d,1102897,CSD,550e8400-e29b-41d4-a716-446655440001,2020,ALCH,Alchemy,2020-07-06,False
ec0d4c5f-4211-4dcd-b245-a761aa92f1a0,1102872,CSD,550e8400-e29b-41d4-a716-446655440001,2020,AST1,Astronomy I,2020-07-27,True
93ee1987-107b-4f9f-9e1f-d9b02e132ff2,1102864,CSD,550e8400-e29b-41d4-a716-446655440001,2025,ALCH,Alchemy,2025-07-18,False
a54a98e5-2e38-495f-9216-85036ef8b6f5,1102891,CSD,550e8400-e29b-41d4-a716-446655440001,2023,ALCH,Alchemy,2023-07-14,False
ca67fa4f-1286-413b-a9b1-25794db0e036,1102857,CSD,550e8400-e29b-41d4-a716-446655440001,2019,ARIT,Arithmancy,2019-07-20,True
01df48df-7e53-41e8-98c3-487f8f688c7d,1102891,CSD,550e8400-e29b-41d4-a716-446655440001,2024,ALCH,Alchemy,2024-07-15,True
076afdf8-13c9-455d-96ea-5e72de9f86c1,1102843,CSD,550e8400-e29b-41d4-a716-446655440001,2019,AST1,Astronomy I,2019-07-02,True
36fe921e-4dad-4298-97b2-307098cceca7,1102896,CSD,550e8400-e29b-41d4-a716-446655440001,2022,ARIT,Arithmancy,2022-07-17,False
08f3bc66-f807-483e-98d6-794f6ee5bd37,1102859,CSD,550e8400-e29b-41d4-a716-446655440001,2020,ALCH,Alchemy,2020-07-17,True
e53cef05-10f5-4ce2-867f-2163cae508b4,1102888,CSD,550e8400-e29b-41d4-a716-446655440001,2023,ALCH,Alchemy,2023-07-19,False
5c4c1421-89bc-4683-a655-65e9206d5445,1102882,CSD,550e8400-e29b-41d4-a716-446655440001,2024,COMC,Care of Magical Creatures,2024-07-21,False
21aa2118-fe75-4498-96ea-00a2f35c6343,1000001,CSD,550e8400-e29b-41d4-a716-446655440001,2025,AST1,Astronomy I,2025-07-19,False
d0acbfbf-6d0d-4c32-b54e-0cadbb971900,1102881,CSD,550e8400-e29b-41d4-a716-446655440001,2025,ARIT,Arithmancy,2025-07-18,True
c6d3f40e-3fe2-4851-8f40-4ed03ccffb90,1102871,CSD,550e8400-e29b-41d4-a716-446655440001,2025,ARIT,Arithmancy,2025-07-11,True
b04165f9-f0ce-4ce8-be60-9b149adce139,1102875,CSD,550e8400-e29b-41d4-a716-446655440001,2019,ALCH,Alchemy,2019-07-11,False
15f7d9e7-a4fb-40f3-b5d8-a7587d72a4fe,1102870,CSD,550e8400-e29b-41d4-a716-446655440001,2025,ARIT,Arithmancy,2025-07-12,False
186c97e7-3501-477c-9256-ab505b818045,1102880,CSD,550e8400-e29b-41d4-a716-446655440001,2022,ARIT,Arithmancy,2022-07-31,True
06f7c9da-26d2-48de-8631-68751963294b,1102897,CSD,550e8400-e29b-41d4-a716-446655440001,2025,COMC,Care of Magical Creatures,2025-07-24,True
8b158908-1a02-4f43-91c4-2c744673ca5d,1102879,CSD,550e8400-e29b-41d4-a716-446655440001,2021,AST1,Astronomy I,2021-07-03,True
ff38ec48-85c2-4517-898f-c7af9ac5d6a4,1102854,CSD,550e8400-e29b-41d4-a716-446655440001,2024,COMC,Care of Magical Creatures,2024-07-08,True
381e1763-4ba9-4cb9-9923-0f4ad1f4ff03,1102887,CSD,550e8400-e29b-41d4-a716-446655440001,2025,COMC,Care of Magical Creatures,2025-07-12,True
6e93c00d-8552-410e-a00e-9d7541a75274,1102875,CSD,550e8400-e29b-41d4-a716-446655440001,2019,ALCH,Alchemy,2019-07-22,False
d9503bfb-7d23-48d9-8f3e-0b282d5465db,1102893,CSD,550e8400-e29b-41d4-a716-446655440001,2021,ARIT,Arithmancy,2021-07-24,True
e7f19751-89f4-4661-b021-9bd51609a965,1102872,CSD,550e8400-e29b-41d4-a716-446655440001,2021,AST1,Astronomy I,2021-07-07,True
1d14ef3e-0120-423c-a204-593f4663dcfc,1102884,CSD,550e8400-e29b-41d4-a716-446655440001,2023,COMC,Care of Magical Creatures,2023-07-25,False
7943fcf7-8552-446f-b41e-1f509a194705,1102882,CSD,550e8400-e29b-41d4-a716-446655440001,2022,ALCH,Alchemy,2022-07-01,False
bef57fed-5729-43bd-8891-7252d8c61d35,1102864,CSD,550e8400-e29b-41d4-a716-446655440001,2024,AST1,Astronomy I,2024-07-27,False
5b5d1cea-3cc5-48ca-8530-ac00de6bb7cc,1102850,CSD,550e8400-e29b-41d4-a716-446655440001,2024,AST1,Astronomy I,2024-07-26,True
80cff7cc-3209-43b3-8da7-f3eab10d7318,1102889,CSD,550e8400-e29b-41d4-a716-446655440001,2023,ARIT,Arithmancy,2023-07-06,False
c1cca17c-9428-4757-9ba5-797f7f7866a0,1102877,CSD,550e8400-e29b-41d4-a716-446655440001,2022,ALCH,Alchemy,2022-07-11,True
590e1887-d4e4-4fa9-bb43-04f328fb1564,1102894,CSD,550e8400-e29b-41d4-a716-446655440001,2022,COMC,Care of Magical Creatures,2022-07-08,True
9a444bca-4722-4ddf-9f3c-ac2180451213,1102876,CSD,550e8400-e29b-41d4-a716-446655440001,2023,ALCH,Alchemy,2023-07-12,True
f9c117ee-852e-4360-8af2-3af8e049bd22,1102879,CSD,550e8400-e29b-41d4-a716-446655440001,2022,ALCH,Alchemy,2022-07-17,False
027c6607-217e-4947-b2c1-6754f84b5c27,1102878,CSD,550e8400-e29b-41d4-a716-446655440001,2021,COMC,Care of Magical Creatures,2021-07-19,False
f3216d36-99a1-4f53-9f02-205e9751d16b,1102840,CSD,550e8400-e29b-41d4-a716-446655440001,2021,ALCH,Alchemy,2021-07-11,True
fc1738dd-124f-48a6-8840-89d5cf63637f,1000001,CSD,550e8400-e29b-41d4-a716-446655440001,2024,ARIT,Arithmancy,2024-07-09,True
dc8c1a8d-5fa1-4e45-b33a-a41b5b9654ab,1102858,CSD,550e8400-e29b-41d4-a716-446655440001,2025,AST1,Astronomy I,2025-07-30,True
9e881e54-aca1-495e-b75a-a6fb0103bee5,1102845,CSD,550e8400-e29b-41d4-a716-446655440001,2023,COMC,Care of Magical Creatures,2023-07-17,True
7ffbc0a6-c659-40b5-8585-70105fd8addf,1102859,CSD,550e8400-e29b-41d4-a716-446655440001,2022,COMC,Care of Magical Creatures,2022-07-16,False
56a253a2-adab-464e-8371-61e0df7c839f,1102878,CSD,550e8400-e29b-41d4-a716-446655440001,2023,ARIT,Arithmancy,2023-07-19,False
03efee6a-24b3-485b-9055-5dd5e4fdf555,1102842,CSD,550e8400-e29b-41d4-a716-446655440001,2020,AST1,Astronomy I,2020-07-24,False
93553151-54e4-48ea-bce9-3f83d7ca6373,1102842,CSD,550e8400-e29b-41d4-a716-446655440001,2024,ARIT,Arithmancy,2024-07-14,True
71814199-625a-416e-8cf1-ce567df57156,1102879,CSD,550e8400-e29b-41d4-a716-446655440001,2025,ALCH,Alchemy,2025-07-09,True
2e9618da-044c-4b90-9507-12060a788be3,1102865,CSD,550e8400-e29b-41d4-a716-446655440001,2022,ALCH,Alchemy,2022-07-22,True
189d67f3-88e1-4f67-be0d-a544ffe9f393,1102896,CSD,550e8400-e29b-41d4-a716-446655440001,2023,COMC,Care of Magical Creatures,2023-07-06,True
40e6314f-98aa-4484-a0a8-3b7a5c45b66b,1102889,CSD,550e8400-e29b-41d4-a716-446655440001,2023,AST1,Astronomy I,2023-07-28,True
6ac8b1bc-baf3-478e-a0b6-75b0707506f7,1102848,CSD,550e8400-e29b-41d4-a716-446655440001,2022,COMC,Care of Magical Creatures,2022-07-05,False
f0c8df51-4de7-4e1f-a350-175dbc1f413b,1102863,CSD,550e8400-e29b-41d4-a716-446655440001,2019,ALCH,Alchemy,2019-07-03,False

